Katelynn Friesen,(833) 663-6257,9418 Eve Drives East Precious NM 52271-1939,Harry Potter,Medium,58,2016-05-14 00:20:43 -0500
Mr. George Senger,(473) 358-9814,743 Lorenzo Crossing Lake Karaland WV 90489-6421,Star Wars,Large,362,2016-06-14 15:28:16 -0500
Jalyn Schulist,(742) 888-1174,100 Lehner Dale East Anguschester MN 32921,Prince,Small,500,2016-06-15 12:11:45 -0500
Mrs. Floyd Labadie,(526) 438-7099,53172 Kihn Ways Kevonchester NY 49145,Cowboys,Medium,382,2016-05-26 20:13:29 -0500
Miss Brenden Hahn,(326) 478-7261,719 Vena Burg Leannonborough OR 55153,Cowboys,Small,233,2016-06-09 13:42:54 -0500
Jana Schowalter,(566) 481-9271,4007 Beer Ville Coraliestad VT 60026-3251,Cowboys,Medium,486,2016-05-05 19:56:24 -0500
Arely McDermott,(815) 805-8321,8938 Bartell Locks Okunevafort OK 52155,Cowboys,Medium,341,2016-05-23 17:53:11 -0500
Cristal Halvorson,(717) 127-0093,7764 Chandler Port Lake Sydnee ND 42880-0933,Cowboys,Medium,414,2016-06-04 09:51:38 -0500
Myra Stark,(252) 859-3832,289 Bogan Pines East Lavernebury IN 75017-4562,Capt America,Small,479,2016-06-14 23:28:56 -0500
Laisha Cruickshank,(171) 277-3953,21931 Elta Overpass Kuphalland TN 14111-2539,Prince,Small,53,2016-06-06 23:10:38 -0500
Joshuah McLaughlin,(271) 768-6755,38829 Spencer Terrace East Shayleeberg UT 21635,Star Wars,Large,428,2016-05-28 08:43:34 -0500
Lynn Hessel,(716) 468-8336,1250 Gerlach Pass Port Salvatoreland ME 15682,Cowboys,Small,485,2016-04-28 02:33:34 -0500
Mrs. Cale Skiles,(933) 767-9551,738 Monahan Island North Oscartown VT 28712-7832,Star Wars,Large,437,2016-06-08 17:43:14 -0500
Dr. Maryse Zieme,(119) 124-6523,360 Bernard Summit Kemmerport MA 57067-2786,Capt America,Large,120,2016-05-05 13:19:28 -0500
Ms. Myra Douglas,(030) 189-5616,953 Schumm Estate Axelstad KY 19237-5431,Capt America,Large,353,2016-05-26 19:19:41 -0500
Trisha Auer,(382) 081-3540,41492 Krajcik Drives Lake Koreyport MA 41141,Harry Potter,Medium,491,2016-06-07 22:44:13 -0500
Beulah Kuvalis,(444) 777-0691,819 McClure Square Lake Marioton AZ 79644-1404,Star Wars,Medium,158,2016-06-01 16:00:51 -0500
Dr. Joyce Okuneva,(762) 064-8724,79661 Kertzmann Views Arictown AZ 78245-5729,Cowboys,Medium,220,2016-06-14 09:17:37 -0500
Mr. Zackary Smith,(913) 529-9256,851 Marquardt Junctions Lake Laurinetown MD 61038-6739,Cowboys,Small,370,2016-05-30 09:27:36 -0500
Dariana Douglas,(466) 681-7064,55536 Nikolaus Island Lindmouth NY 43446,Cowboys,Medium,287,2016-06-09 00:45:08 -0500
Bonnie Runte,(314) 287-2086,375 Huels Trail Verlieport PA 67969,Star Wars,Small,188,2016-05-11 17:35:16 -0500
Linwood Lindgren DDS,(437) 358-2132,5618 Manley Haven New Josefa AK 74527,Harry Potter,Medium,489,2016-05-23 14:16:57 -0500
Ramiro Kuhlman,(076) 116-6567,98054 Reymundo Square South Ashlyview CA 77553-8101,Prince,Large,105,2016-05-28 20:03:51 -0500
Darryl Lind,(672) 183-8178,311 Jaskolski Shore Ninafort WY 52336-0440,Capt America,Medium,195,2016-04-28 08:44:14 -0500
Lina Spinka,(684) 492-4222,68677 Bartell Mount North Clintville AZ 70487,Harry Potter,Small,136,2016-05-29 09:01:40 -0500
Reba Schmitt,(867) 284-4923,4404 Koelpin Summit New Dandre RI 55987,Harry Potter,Medium,288,2016-05-05 10:39:18 -0500
Dr. Vern Franecki,(698) 174-4693,3788 John Dam Gusikowskitown NY 61004-1872,Cowboys,Small,303,2016-05-22 00:36:46 -0500
Romaine Dietrich,(728) 931-8782,66725 Jamil Mountain Dallaston WA 55938-5026,Star Wars,Small,258,2016-04-27 21:17:03 -0500
Isadore O'Reilly,(284) 228-6178,389 Nienow Turnpike Lake Terrence RI 65251,Harry Potter,Medium,270,2016-05-14 02:30:42 -0500
Rosalyn Abshire,(189) 256-3782,759 Leuschke Well New Reginaldberg NV 11158,Star Wars,Large,374,2016-06-16 11:36:31 -0500
Alysa Huels,(392) 027-3719,6999 Nathen Flat Port Zion MS 64506,Harry Potter,Medium,149,2016-06-15 09:19:47 -0500
Chanelle Larson,(796) 272-7539,332 Mavis Wells Tyrelview CT 64031-7017,Prince,Medium,44,2016-05-12 15:06:37 -0500
Cesar Nicolas DDS,(954) 528-2152,731 Kutch Ridge Hilllborough NC 92499-7253,Star Wars,Large,487,2016-06-09 05:06:42 -0500
Rosina Murray,(747) 030-4874,911 Barton Knolls Hamillmouth LA 51643,Capt America,Medium,158,2016-06-16 00:44:23 -0500
Terry Sanford III,(821) 664-0456,71087 Huels Coves Lake Mustafaport NH 54967-3785,Cowboys,Small,305,2016-06-01 05:51:35 -0500
Maymie Bahringer IV,(330) 534-3206,895 Roberts Manors East Lenny NM 65827-0829,Cowboys,Medium,344,2016-05-18 02:00:29 -0500
Rosalee Ortiz,(014) 533-5441,36450 Ratke Flat New Deborahborough MD 13985,Harry Potter,Large,19,2016-05-29 21:41:15 -0500
Veronica Gaylord,(744) 727-8019,752 Nathaniel Mill Port Donato WI 66721-8671,Cowboys,Large,400,2016-05-31 05:37:08 -0500
Aron Hermiston,(833) 505-1577,73495 Simone Meadows Baileyport TX 81981,Harry Potter,Medium,321,2016-05-21 06:30:04 -0500
Eleanora Sporer,(159) 857-7172,31342 Champlin Divide Wardland WV 34687,Harry Potter,Medium,483,2016-06-01 15:27:26 -0500
Destini Runolfsdottir,(126) 416-3212,5338 Roger Key Lake Sandy RI 23294-3702,Harry Potter,Large,457,2016-05-05 18:58:08 -0500
Rigoberto Schaden I,(655) 937-8956,159 Dora Extension South Jewell WV 18885-2913,Cowboys,Small,334,2016-06-06 23:19:54 -0500
Mike Ruecker,(558) 834-0467,5034 Farrell Springs West Micaela MI 28969-6312,Harry Potter,Medium,88,2016-05-30 08:12:58 -0500
Justen O'Kon III,(662) 227-8010,3806 Anahi Bypass East Ross OR 28847,Capt America,Medium,77,2016-06-16 16:13:25 -0500
Mrs. Garnet White,(786) 629-6987,6649 Stacy Throughway Susieburgh VT 43400-0035,Harry Potter,Small,469,2016-05-09 02:17:35 -0500
Mac Greenholt,(054) 965-2451,23903 Brekke Mount Devenside FL 30088-0821,Prince,Small,29,2016-05-19 13:45:39 -0500
Glenna O'Keefe,(878) 706-9920,3537 Wisozk Oval East Heidimouth TX 10980,Harry Potter,Medium,277,2016-06-07 11:57:47 -0500
Alexandra Gaylord,(735) 456-4474,209 Kasandra Burg O'Connerville VA 31652-5776,Cowboys,Medium,294,2016-05-01 21:47:13 -0500
Trever Abernathy,(804) 834-2401,798 Zachary Meadow East Christyburgh MN 33136,Capt America,Medium,79,2016-05-02 21:16:24 -0500
Jordane Simonis IV,(295) 672-6832,1448 Casper Parkways Arianemouth KY 91502-0618,Cowboys,Small,409,2016-05-13 23:11:21 -0500
Greta Zulauf,(584) 296-9418,6753 Rice Canyon New Oletahaven AK 35064,Prince,Large,176,2016-05-04 04:46:21 -0500
Blanche Turcotte,(345) 724-8521,85893 Lindgren Branch North Valerie WV 45568,Capt America,Medium,158,2016-05-31 17:47:35 -0500
Edwardo Hackett,(116) 633-6034,14150 Pouros Oval Harmonyport ME 75504-5274,Capt America,Large,83,2016-06-05 20:45:15 -0500
Oda Beahan,(660) 554-9218,4591 Bernie Way Reichertside MN 41507-6777,Cowboys,Small,435,2016-05-30 09:20:29 -0500
Sheldon Waters,(478) 611-5224,339 Pollich Road Port Ernie AK 26975-9425,Star Wars,Small,450,2016-05-30 16:08:32 -0500
Ms. Wayne Wehner,(444) 795-8013,71160 Kari Crescent New Jarrodberg NE 31871-0724,Star Wars,Small,271,2016-05-15 21:07:48 -0500
Camden Turcotte,(551) 888-0464,94227 Taylor Rue New Damaris VA 98445-9559,Capt America,Large,153,2016-06-12 20:44:03 -0500
Omer Barrows,(887) 599-2347,5495 Felicia Brooks South Ernestine SD 70544-3740,Cowboys,Medium,131,2016-05-15 07:31:31 -0500
Anabel Smith,(013) 335-7646,276 Sipes Shore Boydchester CO 57180-0092,Cowboys,Small,101,2016-05-13 07:32:03 -0500
Eudora Bayer,(415) 475-7376,5375 Madonna Coves North Einarview NY 37343-1000,Cowboys,Small,260,2016-05-23 17:30:46 -0500
Claire Dicki Jr.,(242) 065-9161,4304 O'Connell Ridge New Ramiroville RI 89626,Prince,Large,54,2016-05-18 10:33:49 -0500
Brooklyn Botsford,(426) 387-6548,5814 Volkman Road Lefflerbury GA 32383,Cowboys,Large,32,2016-06-15 08:24:49 -0500
Harold Schuppe,(522) 957-8876,44178 Marisol Turnpike Keshaunside MO 99653-3174,Prince,Small,250,2016-05-30 21:03:21 -0500
Shaina Lowe,(540) 436-0856,320 Winifred Burgs Kaleville WY 73046-5713,Cowboys,Small,72,2016-05-23 21:06:39 -0500
Dr. Waylon Gaylord,(753) 111-3842,82209 Abdullah Lane Kuphalville IL 75853,Cowboys,Large,170,2016-05-25 13:45:25 -0500
Keyshawn Glover,(390) 261-2453,39234 Christina Fall Keanuland NC 38951-3910,Capt America,Medium,146,2016-06-11 20:23:10 -0500
Dr. Emmett Hansen,(156) 639-3623,9659 Carmel Gardens South Oniebury NV 70735-7218,Star Wars,Medium,347,2016-05-04 16:53:36 -0500
Arden Wolf,(682) 962-5275,8618 Hoeger Orchard North Grayson HI 25892-6549,Cowboys,Large,139,2016-05-03 05:47:40 -0500
Jamal Dickens III,(813) 467-9659,92867 Brandon Lane Johnsonside HI 12487,Capt America,Medium,314,2016-06-13 11:23:41 -0500
Emma Koepp,(352) 666-1645,529 Becker Brook West Olga PA 87138,Harry Potter,Small,185,2016-06-15 11:45:03 -0500
Kolby Quigley,(458) 977-5835,331 Myriam Springs Madelinechester TN 53429,Capt America,Small,470,2016-05-24 16:44:26 -0500
Jaylan Feeney,(911) 357-4825,56823 Anastacio Mews Port Ryleeport MN 54493,Star Wars,Medium,27,2016-06-04 11:28:39 -0500
Adela Murray,(583) 709-6548,923 Watsica Glen Anissahaven OH 48134-8739,Cowboys,Small,296,2016-05-13 18:57:49 -0500
Granville Ondricka,(245) 581-7995,250 Thiel Ridge Lake Sigrid WI 35334,Star Wars,Medium,311,2016-05-09 02:32:33 -0500
Miss Alice Halvorson,(027) 941-2754,313 Wisozk Glens Lake Sheridan TN 65977-5501,Harry Potter,Small,476,2016-05-04 16:26:20 -0500
Haven Auer,(871) 240-4606,430 Jayde Burgs Port Horace NJ 55830,Star Wars,Large,367,2016-05-20 19:40:16 -0500
Dolly Renner,(974) 194-8777,9474 Nathan Crossing Jacehaven VA 16228-6637,Harry Potter,Medium,428,2016-06-04 13:28:45 -0500
Shemar Champlin III,(775) 635-2934,5905 Harris Circle Joanieburgh MD 90911-0804,Star Wars,Large,442,2016-05-12 04:01:51 -0500
Miss Sally Graham,(862) 907-8681,3125 Patrick Terrace Barrowsmouth DE 11240-5084,Prince,Large,250,2016-05-01 08:30:48 -0500
Maybell Nienow,(800) 864-8074,9264 Stanton Light North Isaacstad CA 82012,Prince,Medium,135,2016-05-24 01:13:58 -0500
Gardner Grimes,(641) 041-4665,6070 Fanny Pine East Nyaview ID 84885,Cowboys,Large,438,2016-06-07 03:38:37 -0500
Dr. Wilma Ferry,(704) 421-2234,149 Yvonne Lane Luettgenborough WA 94044-6516,Cowboys,Small,252,2016-06-13 07:53:01 -0500
Priscilla Kerluke I,(203) 082-7303,26211 Parisian Point Kuvalistown NY 23020-2928,Harry Potter,Small,234,2016-05-02 15:24:27 -0500
Reggie Nitzsche V,(453) 282-5428,2752 Waylon Prairie South Verdie WY 24895,Capt America,Small,492,2016-05-28 21:40:58 -0500
Misael Rohan,(233) 592-7836,596 Lucy Oval North Aurelie MD 27441,Prince,Small,24,2016-05-09 15:42:53 -0500
Chesley King Sr.,(533) 867-5278,584 Everett Mission Elizabethmouth OH 83028,Harry Potter,Medium,240,2016-06-04 14:29:20 -0500
Annetta Fahey,(460) 268-5590,33721 Kallie Village Marianneside NJ 94336-7406,Capt America,Large,137,2016-06-16 22:53:30 -0500
Keven Hyatt,(450) 566-2624,1722 Jacobi Village Osvaldostad MO 35518-5486,Prince,Medium,158,2016-04-29 18:27:49 -0500
Kristin Roberts,(552) 765-2195,767 Marquardt Common West Afton AR 22203-4770,Star Wars,Small,213,2016-05-17 08:34:54 -0500
Lenny MacGyver,(731) 909-7625,1420 Hansen Common Abernathystad AK 46694-2603,Prince,Small,295,2016-06-05 17:21:08 -0500
Myah MacGyver,(127) 096-4653,2965 Koepp Crossroad Lake Maryamside TN 55875,Harry Potter,Large,138,2016-06-01 16:00:32 -0500
Josiah Veum,(666) 748-4756,9589 Kayley Turnpike North Coleman KS 80625,Harry Potter,Medium,328,2016-05-27 03:21:04 -0500
Joesph Lakin MD,(288) 121-1409,987 Rogahn Road New Jaydehaven FL 61462,Capt America,Small,404,2016-05-27 12:39:11 -0500
Presley Harvey,(029) 651-3504,859 Price Court West Vesta WA 25189-4362,Cowboys,Small,340,2016-06-07 20:36:07 -0500
Liliana Krajcik,(866) 304-4461,791 Torphy Valley Elverashire VA 43152-1051,Prince,Small,273,2016-05-18 05:36:18 -0500
Enid Prohaska,(118) 712-7778,34263 Davis Ports North Danika NC 46233,Capt America,Large,404,2016-05-03 16:09:50 -0500
Mrs. Tiara Schiller,(775) 966-8841,57854 Mills Union Port Lavernemouth MD 95659,Star Wars,Small,77,2016-06-07 02:59:28 -0500
Ms. Ibrahim Moen,(650) 944-8511,92026 Hahn Summit North Rudyview VA 34646-6193,Prince,Medium,52,2016-04-28 03:09:17 -0500
Bernice Murray,(627) 248-2464,205 Kamren Forks Wisokyside VT 61656-7814,Cowboys,Large,336,2016-05-13 06:01:31 -0500
Mrs. Amber Schroeder,(454) 916-5733,9982 Mandy Highway McCulloughview SD 99784-2207,Harry Potter,Small,401,2016-05-28 03:04:31 -0500
